INSERT INTO Products (ProductID, ProductName, Category, Quantity, CostPrice, SellingPrice)
VALUES 
(1, 'Laptop', 'Electronics', 50, 500.00, 700.00),
(2, 'Mobile Phone', 'Electronics', 100, 300.00, 450.00),
(3, 'T-shirt', 'Apparel', 200, 10.00, 20.00),
(4, 'Jeans', 'Apparel', 150, 20.00, 40.00),
(5, 'Desk', 'Furniture', 30, 100.00, 150.00),
(6, 'Chair', 'Furniture', 50, 50.00, 80.00),
(7, 'TV', 'Electronics', 20, 600.00, 800.00),
(8, 'Sneakers', 'Footwear', 100, 30.00, 60.00),
(9, 'Watch', 'Accessories', 80, 50.00, 100.00),
(10, 'Backpack', 'Bags', 120, 25.00, 40.00),
(11, 'Camera', 'Electronics', 40, 400.00, 600.00),
(12, 'Printer', 'Office Supplies', 25, 150.00, 200.00),
(13, 'Gaming Console', 'Electronics', 35, 350.00, 500.00),
(14, 'Dress', 'Apparel', 180, 30.00, 50.00),
(15, 'Boots', 'Footwear', 90, 60.00, 100.00),
(16, 'Smartwatch', 'Accessories', 70, 80.00, 150.00),
(17, 'Sofa', 'Furniture', 15, 300.00, 450.00),
(18, 'Tablet', 'Electronics', 60, 200.00, 300.00),
(19, 'Jacket', 'Apparel', 120, 40.00, 70.00),
(20, 'Handbag', 'Bags', 110, 35.00, 60.00),
(21, 'Blender', 'Appliances', 50, 40.00, 70.00),
(22, 'Microwave', 'Appliances', 30, 80.00, 120.00),
(23, 'Air Conditioner', 'Appliances', 10, 300.00, 500.00),
(24, 'Vacuum Cleaner', 'Appliances', 40, 70.00, 100.00),
(25, 'Headphones', 'Electronics', 85, 25.00, 40.00),
(26, 'Speaker', 'Electronics', 75, 60.00, 90.00),
(27, 'Trousers', 'Apparel', 130, 22.00, 35.00),
(28, 'Sweater', 'Apparel', 110, 28.00, 45.00),
(29, 'Sandals', 'Footwear', 105, 20.00, 30.00),
(30, 'Slippers', 'Footwear', 95, 10.00, 20.00),
(31, 'Necklace', 'Accessories', 90, 70.00, 120.00),
(32, 'Bracelet', 'Accessories', 100, 40.00, 65.00),
(33, 'Dining Table', 'Furniture', 20, 200.00, 350.00),
(34, 'Bookshelf', 'Furniture', 40, 80.00, 130.00),
(35, 'Watch', 'Apparel', 100, 15.00, 25.00),
(36, 'Tie', 'Apparel', 140, 8.00, 15.00),
(37, 'Belt', 'Accessories', 120, 10.00, 18.00),
(38, 'Briefcase', 'Bags', 65, 50.00, 85.00),
(39, 'Oven', 'Appliances', 25, 120.00, 180.00),
(40, 'Toaster', 'Appliances', 55, 25.00, 40.00),
(41, 'Coffee Machine', 'Appliances', 35, 50.00, 80.00),
(42, 'Fan', 'Appliances', 70, 20.00, 35.00),
(43, 'Projector', 'Electronics', 15, 250.00, 400.00),
(44, 'Gaming Chair', 'Furniture', 10, 150.00, 250.00),
(45, 'Rice Cooker', 'Appliances', 45, 40.00, 65.00), 
(46, 'Digital Camera', 'Electronics', 50, 150.00, 250.00),
(47, 'Fitness Tracker', 'Accessories', 90, 40.00, 70.00),
(48, 'Skirt', 'Apparel', 120, 18.00, 28.00),
(49, 'Backpack', 'Bags', 100, 30.00, 50.00),
(50, 'Refrigerator', 'Appliances', 20, 400.00, 600.00);

INSERT INTO Buyer (BuyerID, BuyerName, ContactNumber, Email, Address)
VALUES 
(1, 'John Doe', '1234567890', 'john.doe@example.com', '123 Main St, City, Country'),
(2, 'Jane Doe', '0987654321', 'jane.doe@example.com', '456 Park Ave, City, Country'),
(3, 'Alice Smith', '1122334455', 'alice.smith@example.com', '789 Elm St, City, Country'),
(4, 'Bob Smith', '3344556677', 'bob.smith@example.com', '101 Pine St, City, Country'),
(5, 'Emily Brown', '5566778899', 'emily.brown@example.com', '202 Cedar St, City, Country'),
(6, 'Michael Johnson', '6677889900', 'michael.johnson@example.com', '303 Oak St, City, Country'),
(7, 'Sarah Williams', '7788990011', 'sarah.williams@example.com', '404 Maple St, City, Country'),
(8, 'James Davis', '8899001122', 'james.davis@example.com', '505 Pine Ave, City, Country'),
(9, 'Mary Wilson', '9900112233', 'mary.wilson@example.com', '606 Elm Ave, City, Country'),
(10, 'Robert Jones', '0011223344', 'robert.jones@example.com', '707 Cedar Ave, City, Country'),
(11, 'Patricia Brown', '1122334455', 'patricia.brown@example.com', '808 Oak Ave, City, Country'),
(12, 'William Miller', '2233445566', 'william.miller@example.com', '909 Maple Ave, City, Country'),
(13, 'Jennifer Garcia', '3344556677', 'jennifer.garcia@example.com', '1010 Pine Ave, City, Country'),
(14, 'Linda Rodriguez', '4455667788', 'linda.rodriguez@example.com', '1111 Elm Ave, City, Country'),
(15, 'David Martinez', '5566778899', 'david.martinez@example.com', '1212 Cedar St, City, Country'),
(16, 'Barbara Hernandez', '6677889900', 'barbara.hernandez@example.com', '1313 Oak St, City, Country'),
(17, 'Richard Smith', '7788990011', 'richard.smith@example.com', '1414 Maple St, City, Country'),
(18, 'Susan Johnson', '8899001122', 'susan.johnson@example.com', '1515 Pine Ave, City, Country'),
(19, 'Joseph Jones', '9900112233', 'joseph.jones@example.com', '1616 Elm Ave, City, Country'),
(20, 'Jessica Davis', '0011223344', 'jessica.davis@example.com', '1717 Cedar Ave, City, Country'),
(21, 'Thomas Wilson', '1122334455', 'thomas.wilson@example.com', '1818 Oak Ave, City, Country'),
(22, 'Sarah Williams', '2233445566', 'sarah.williams@example.com', '1919 Maple Ave, City, Country'),
(23, 'Mark Rodriguez', '3344556677', 'mark.rodriguez@example.com', '2020 Pine Ave, City, Country'),
(24, 'Nancy Martinez', '4455667788', 'nancy.martinez@example.com', '2121 Elm Ave, City, Country'),
(25, 'Lisa Hernandez', '5566778899', 'lisa.hernandez@example.com', '2222 Cedar St, City, Country'),
(26, 'Daniel Smith', '6677889900', 'daniel.smith@example.com', '2323 Oak St, City, Country'),
(27, 'Karen Johnson', '7788990011', 'karen.johnson@example.com', '2424 Maple St, City, Country'),
(28, 'Betty Jones', '8899001122', 'betty.jones@example.com', '2525 Pine Ave, City, Country'),
(29, 'Edward Davis', '9900112233', 'edward.davis@example.com', '2626 Elm Ave, City, Country'),
(30, 'Helen Wilson', '0011223344', 'helen.wilson@example.com', '2727 Cedar Ave, City, Country'),
(31, 'George Williams', '1122334455', 'george.williams@example.com', '2828 Oak Ave, City, Country'),
(32, 'Michelle Brown', '2233445566', 'michelle.brown@example.com', '2929 Maple Ave, City, Country'),
(33, 'Steven Smith', '3344556677', 'steven.smith@example.com', '3030 Pine Ave, City, Country'),
(34, 'Amanda Johnson', '4455667788', 'amanda.johnson@example.com', '3131 Elm Ave, City, Country'),
(35, 'Ronald Jones', '5566778899', 'ronald.jones@example.com', '3232 Cedar St, City, Country'),
(36, 'Margaret Davis', '6677889900', 'margaret.davis@example.com', '3333 Oak St, City, Country'),
(37, 'Kimberly Wilson', '7788990011', 'kimberly.wilson@example.com', '3434 Maple St, City, Country'),
(38, 'Jeffrey Williams', '8899001122', 'jeffrey.williams@example.com', '3535 Pine Ave, City, Country'),
(39, 'Emily Brown', '9900112233', 'emily.brown@example.com', '3636 Elm Ave, City, Country'),
(40, 'Lisa Johnson', '0011223344', 'lisa.johnson@example.com', '3737 Cedar Ave, City, Country'),
(41, 'Angela Jones', '1122334455', 'angela.jones@example.com', '3838 Oak Ave, City, Country'),
(42, 'Michael Smith', '2233445566', 'michael.smith@example.com', '3939 Maple Ave, City, Country'),
(43, 'Nancy Williams', '3344556677', 'nancy.williams@example.com', '4040 Pine Ave, City, Country'),
(44, 'Paul Davis', '4455667788', 'paul.davis@example.com', '4141 Elm Ave, City, Country'),
(45, 'Laura Wilson', '5566778899', 'laura.wilson@example.com', '4242 Cedar St, City, Country'),
(46, 'Diana Johnson', '6677889900', 'diana.johnson@example.com', '4343 Oak St, City, Country'),
(47, 'Ryan Smith', '7788990011', 'ryan.smith@example.com', '4444 Maple St, City, Country'),
(48, 'Carol Williams', '8899001122', 'carol.williams@example.com', '4545 Pine Ave, City, Country'),
(49, 'Peter Davis', '9900112233', 'peter.davis@example.com', '4646 Elm Ave, City, Country'),
(50, 'Samantha Wilson', '0011223344', 'samantha.wilson@example.com', '4747 Cedar St, City, Country');

INSERT INTO Orders (OrderID, BuyerID, ProductID, Quantity, OrderDate, Status)
VALUES 
(1, 1, 1, 2, '2024-04-01', 'Delivered'),
(2, 2, 2, 3, '2024-04-05', 'Shipped'),
(3, 3, 3, 5, '2024-04-10', 'Pending'),
(4, 4, 4, 1, '2024-04-15', 'Delivered'),
(5, 5, 5, 4, '2024-04-20', 'Shipped'),
(6, 6, 6, 3, '2024-04-25', 'Pending'),
(7, 7, 7, 2, '2024-04-30', 'Delivered'),
(8, 8, 8, 5, '2024-05-01', 'Shipped'),
(9, 9, 9, 1, '2024-05-05', 'Pending'),
(10, 10, 10, 3, '2024-05-10', 'Delivered'),
(11, 11, 11, 4, '2024-05-15', 'Shipped'),
(12, 12, 12, 2, '2024-05-20', 'Pending'),
(13, 13, 13, 5, '2024-05-25', 'Delivered'),
(14, 14, 14, 1, '2024-05-30', 'Shipped'),
(15, 15, 15, 4, '2024-06-01', 'Pending'),
(16, 16, 16, 3, '2024-06-05', 'Delivered'),
(17, 17, 17, 2, '2024-06-10', 'Shipped'),
(18, 18, 18, 1, '2024-06-15', 'Pending'),
(19, 19, 19, 4, '2024-06-20', 'Delivered'),
(20, 20, 20, 5, '2024-06-25', 'Shipped'),
(21, 21, 21, 2, '2024-06-30', 'Pending'),
(22, 22, 22, 3, '2024-07-01', 'Delivered'),
(23, 23, 23, 1, '2024-07-05', 'Shipped'),
(24, 24, 24, 4, '2024-07-10', 'Pending'),
(25, 25, 25, 5, '2024-07-15', 'Delivered'),
(26, 26, 26, 2, '2024-07-20', 'Shipped'),
(27, 27, 27, 3, '2024-07-25', 'Pending'),
(28, 28, 28, 1, '2024-07-30', 'Delivered'),
(29, 29, 29, 4, '2024-08-01', 'Shipped'),
(30, 30, 30, 5, '2024-08-05', 'Pending'),
(31, 31, 31, 2, '2024-08-10', 'Delivered'),
(32, 32, 32, 3, '2024-08-15', 'Shipped'),
(33, 33, 33, 1, '2024-08-20', 'Pending'),
(34, 34, 34, 4, '2024-08-25', 'Delivered'),
(35, 35, 35, 5, '2024-08-30', 'Shipped'),
(36, 36, 36, 2, '2024-09-01', 'Pending'),
(37, 37, 37, 3, '2024-09-05', 'Delivered'),
(38, 38, 38, 4, '2024-09-10', 'Shipped'),
(39, 39, 39, 1, '2024-09-15', 'Pending'),
(40, 40, 40, 5, '2024-09-20', 'Delivered'),
(41, 41, 41, 2, '2024-09-25', 'Shipped'),
(42, 42, 42, 3, '2024-09-30', 'Pending'),
(43, 43, 43, 4, '2024-10-01', 'Delivered'),
(44, 44, 44, 1, '2024-10-05', 'Shipped'),
(45, 45, 45, 5, '2024-10-10', 'Pending'),
(46, 46, 46, 2, '2024-10-15', 'Delivered'),
(47, 47, 47, 3, '2024-10-20', 'Shipped'),
(48, 48, 48, 4, '2024-10-25', 'Pending'),
(49, 49, 49, 1, '2024-10-30', 'Delivered'),
(50, 50, 50, 5, '2024-11-01', 'Shipped');

INSERT INTO Customers (CustomerID, CustomerName, ContactNumber, Email, Address)
VALUES 
(1, 'Mike Johnson', '5555555555', 'mike.johnson@example.com', '101 Maple St, City, Country'),
(2, 'Sarah Williams', '6666666666', 'sarah.williams@example.com', '202 Oak St, City, Country'),
(3, 'David Wilson', '7777777777', 'david.wilson@example.com', '303 Elm St, City, Country'),
(4, 'Linda Jones', '8888888888', 'linda.jones@example.com', '404 Cedar St, City, Country'),
(5, 'Karen Davis', '9999999999', 'karen.davis@example.com', '505 Pine St, City, Country'),
(6, 'Mark Taylor', '1111111111', 'mark.taylor@example.com', '606 Cedar Ave, City, Country'),
(7, 'Anna Smith', '2222222222', 'anna.smith@example.com', '707 Oak Ave, City, Country'),
(8, 'Brian Miller', '3333333333', 'brian.miller@example.com', '808 Elm Ave, City, Country'),
(9, 'Carol Wilson', '4444444444', 'carol.wilson@example.com', '909 Maple Ave, City, Country'),
(10, 'Daniel Brown', '5555555555', 'daniel.brown@example.com', '1010 Pine Ave, City, Country'),
(11, 'Elena Martinez', '6666666666', 'elena.martinez@example.com', '1111 Elm Ave, City, Country'),
(12, 'Frank Harris', '7777777777', 'frank.harris@example.com', '1212 Cedar Ave, City, Country'),
(13, 'Grace Robinson', '8888888888', 'grace.robinson@example.com', '1313 Oak St, City, Country'),
(14, 'Henry Clark', '9999999999', 'henry.clark@example.com', '1414 Maple St, City, Country'),
(15, 'Isabel Young', '1010101010', 'isabel.young@example.com', '1515 Pine Ave, City, Country'),
(16, 'Jack Thompson', '1111111111', 'jack.thompson@example.com', '1616 Elm Ave, City, Country'),
(17, 'Kate White', '1212121212', 'kate.white@example.com', '1717 Cedar Ave, City, Country'),
(18, 'Leonard Davis', '1313131313', 'leonard.davis@example.com', '1818 Oak Ave, City, Country'),
(19, 'Megan Johnson', '1414141414', 'megan.johnson@example.com', '1919 Maple Ave, City, Country'),
(20, 'Nathan Wilson', '1515151515', 'nathan.wilson@example.com', '2020 Pine Ave, City, Country'),
(21, 'Olivia Brown', '1616161616', 'olivia.brown@example.com', '2121 Elm Ave, City, Country'),
(22, 'Peter Smith', '1717171717', 'peter.smith@example.com', '2222 Cedar St, City, Country'),
(23, 'Rachel Miller', '1818181818', 'rachel.miller@example.com', '2323 Oak St, City, Country'),
(24, 'Samuel Wilson', '1919191919', 'samuel.wilson@example.com', '2424 Maple St, City, Country'),
(25, 'Tina Davis', '2020202020', 'tina.davis@example.com', '2525 Pine Ave, City, Country'),
(26, 'Victor Clark', '2121212121', 'victor.clark@example.com', '2626 Elm Ave, City, Country'),
(27, 'Wendy Young', '2222222222', 'wendy.young@example.com', '2727 Cedar Ave, City, Country'),
(28, 'Xavier Harris', '2323232323', 'xavier.harris@example.com', '2828 Oak Ave, City, Country'),
(29, 'Yvonne Thompson', '2424242424', 'yvonne.thompson@example.com', '2929 Maple Ave, City, Country'),
(30, 'Zoe White', '2525252525', 'zoe.white@example.com', '3030 Pine Ave, City, Country'),
(31, 'Aaron Johnson', '2626262626', 'aaron.johnson@example.com', '3131 Elm Ave, City, Country'),
(32, 'Brianna Wilson', '2727272727', 'brianna.wilson@example.com', '3232 Cedar Ave, City, Country'),
(33, 'Christopher Brown', '2828282828', 'christopher.brown@example.com', '3333 Oak St, City, Country'),
(34, 'Diana Smith', '2929292929', 'diana.smith@example.com', '3434 Maple St, City, Country'),
(35, 'Edward Miller', '3030303030', 'edward.miller@example.com', '3535 Pine Ave, City, Country'),
(36, 'Fiona Davis', '3131313131', 'fiona.davis@example.com', '3636 Elm Ave, City, Country'),
(37, 'George Wilson', '3232323232', 'george.wilson@example.com', '3737 Cedar Ave, City, Country'),
(38, 'Hannah Brown', '3333333333', 'hannah.brown@example.com', '3838 Oak Ave, City, Country'),
(39, 'Ian Clark', '3434343434', 'ian.clark@example.com', '3939 Maple St, City, Country'),
(40, 'Julia Thompson', '3535353535', 'julia.thompson@example.com', '4040 Pine Ave, City, Country'),
(41, 'Kevin White', '3636363636', 'kevin.white@example.com', '4141 Elm Ave, City, Country'),
(42, 'Laura Davis', '3737373737', 'laura.davis@example.com', '4242 Cedar Ave, City, Country'),
(43, 'Matthew Wilson', '3838383838', 'matthew.wilson@example.com', '4343 Oak St, City, Country'),
(44, 'Nina Brown', '3939393939', 'nina.brown@example.com', '4444 Maple St, City, Country'),
(45, 'Oscar Smith', '4040404040', 'oscar.smith@example.com', '4545 Pine Ave, City, Country'),
(46, 'Paul Wilson', '4151515151', 'paul.wilson@example.com', '4646 Elm Ave, City, Country'),
(47, 'Quinn Davis', '4242424242', 'quinn.davis@example.com', '4747 Cedar Ave, City, Country'),
(48, 'Rachel Brown', '4333333333', 'rachel.brown@example.com', '4848 Oak Ave, City, Country'),
(49, 'Sam Thompson', '4444444444', 'sam.thompson@example.com', '4949 Maple St, City, Country'),
(50, 'Tom White', '4555555555', 'tom.white@example.com', '5050 Pine Ave, City, Country');

INSERT INTO Payments (PaymentID, OrderID, Amount, PaymentDate, Status)
VALUES 
(1, 1, 1400.00, '2024-04-02', 'Paid'),
(2, 2, 1350.00, '2024-04-06', 'Pending'),
(3, 3, 100.00, '2024-04-11', 'Pending'),
(4, 4, 40.00, '2024-04-16', 'Paid'),
(5, 5, 300.00, '2024-04-21', 'Pending'),
(6, 6, 450.00, '2024-04-26', 'Pending'),
(7, 7, 1000.00, '2024-05-01', 'Paid'),
(8, 8, 750.00, '2024-05-06', 'Pending'),
(9, 9, 150.00, '2024-05-11', 'Paid'),
(10, 10, 600.00, '2024-05-16', 'Pending'),
(11, 11, 200.00, '2024-05-21', 'Paid'),
(12, 12, 50.00, '2024-05-26', 'Pending'),
(13, 13, 300.00, '2024-06-01', 'Paid'),
(14, 14, 250.00, '2024-06-06', 'Pending'),
(15, 15, 100.00, '2024-06-11', 'Paid'),
(16, 16, 400.00, '2024-06-16', 'Pending'),
(17, 17, 800.00, '2024-06-21', 'Paid'),
(18, 18, 50.00, '2024-06-26', 'Pending'),
(19, 19, 350.00, '2024-07-01', 'Paid'),
(20, 20, 200.00, '2024-07-06', 'Pending'),
(21, 21, 1000.00, '2024-07-11', 'Paid'),
(22, 22, 750.00, '2024-07-16', 'Pending'),
(23, 23, 150.00, '2024-07-21', 'Paid'),
(24, 24, 600.00, '2024-07-26', 'Pending'),
(25, 25, 450.00, '2024-08-01', 'Paid'),
(26, 26, 100.00, '2024-08-06', 'Pending'),
(27, 27, 200.00, '2024-08-11', 'Paid'),
(28, 28, 800.00, '2024-08-16', 'Pending'),
(29, 29, 50.00, '2024-08-21', 'Paid'),
(30, 30, 350.00, '2024-08-26', 'Pending'),
(31, 31, 400.00, '2024-09-01', 'Paid'),
(32, 32, 250.00, '2024-09-06', 'Pending'),
(33, 33, 100.00, '2024-09-11', 'Paid'),
(34, 34, 600.00, '2024-09-16', 'Pending'),
(35, 35, 750.00, '2024-09-21', 'Paid'),
(36, 36, 50.00, '2024-09-26', 'Pending'),
(37, 37, 300.00, '2024-10-01', 'Paid'),
(38, 38, 200.00, '2024-10-06', 'Pending'),
(39, 39, 1000.00, '2024-10-11', 'Paid'),
(40, 40, 750.00, '2024-10-16', 'Pending'),
(41, 41, 150.00, '2024-10-21', 'Paid'),
(42, 42, 600.00, '2024-10-26', 'Pending'),
(43, 43, 350.00, '2024-11-01', 'Paid'),
(44, 44, 250.00, '2024-11-06', 'Pending'),
(45, 45, 50.00, '2024-11-11', 'Paid'),
(46, 46, 400.00, '2024-11-16', 'Pending'),
(47, 47, 800.00, '2024-11-21', 'Paid'),
(48, 48, 100.00, '2024-11-26', 'Pending'),
(49, 49, 300.00, '2024-12-01', 'Paid'),
(50, 50, 200.00, '2024-12-06', 'Pending');

INSERT INTO MonthlyProfits (MonthYear, TotalSales, TotalExpenses, Profit)
VALUES 
('2024-01-01', 3200.00, 1700.00, 1500.00),
('2023-12-01', 3100.00, 1600.00, 1500.00),
('2023-11-01', 2900.00, 1400.00, 1500.00),
('2023-10-01', 2800.00, 1300.00, 1500.00),
('2023-09-01', 2750.00, 1250.00, 1500.00),
('2023-08-01', 2700.00, 1200.00, 1500.00),
('2023-07-01', 2650.00, 1150.00, 1500.00),
('2023-06-01', 2600.00, 1100.00, 1500.00),
('2023-05-01', 2550.00, 1050.00, 1500.00),
('2023-04-01', 2500.00, 1000.00, 1500.00),
('2023-03-01', 2450.00, 950.00, 1500.00),
('2023-02-01', 2400.00, 900.00, 1500.00),
('2023-01-01', 2350.00, 850.00, 1500.00),
('2022-12-01', 2300.00, 800.00, 1500.00),
('2022-11-01', 2250.00, 750.00, 1500.00),
('2022-10-01', 2200.00, 700.00, 1500.00),
('2022-09-01', 2150.00, 650.00, 1500.00),
('2022-08-01', 2100.00, 600.00, 1500.00),
('2022-07-01', 2050.00, 550.00, 1500.00),
('2022-06-01', 2000.00, 500.00, 1500.00),
('2022-05-01', 1950.00, 450.00, 1500.00),
('2022-04-01', 1900.00, 400.00, 1500.00),
('2022-03-01', 1850.00, 350.00, 1500.00),
('2022-02-01', 1800.00, 300.00, 1500.00),
('2022-01-01', 1750.00, 250.00, 1500.00),
('2021-12-01', 1700.00, 200.00, 1500.00),
('2021-11-01', 1650.00, 150.00, 1500.00),
('2021-10-01', 1600.00, 100.00, 1500.00),
('2021-09-01', 1550.00, 50.00, 1500.00),
('2021-08-01', 1500.00, 0.00, 1500.00),
('2021-07-01', 1450.00, 50.00, 1400.00),
('2021-06-01', 1400.00, 100.00, 1300.00),
('2021-05-01', 1350.00, 150.00, 1200.00),
('2021-04-01', 1300.00, 200.00, 1100.00),
('2021-03-01', 1250.00, 250.00, 1000.00),
('2021-02-01', 1200.00, 300.00, 900.00),
('2021-01-01', 1150.00, 350.00, 800.00),
('2020-12-01', 1100.00, 400.00, 700.00),
('2020-11-01', 1050.00, 450.00, 600.00),
('2020-10-01', 1000.00, 500.00, 500.00),
('2020-09-01', 950.00, 550.00, 400.00),
('2020-08-01', 900.00, 600.00, 300.00),
('2020-07-01', 850.00, 650.00, 200.00),
('2020-06-01', 800.00, 700.00, 100.00),
('2020-05-01', 750.00, 750.00, 0.00);
